strategy,strategy_label,episodes,mean_final_pv,std_final_pv,median_final_pv,p05_final_pv,p95_final_pv,prob_final_pv_negative,mean_avg_q2,median_avg_q2,p95_avg_q2,max_abs_inventory,mean_fill_rate,mean_order_submission_rate,mean_no_trade_rate,mean_max_drawdown,p05_max_drawdown
as_classical_control,AS classical,35088,-0.18341498518011812,2.1149140797695916,0.0,-1.300000000000182,0.6200000000001126,0.17701208390332876,47.74964019037848,0.0,208.36875000000055,161.0,0.007140083504331965,1.0,0.9859870183538532,-0.6607518239854124,-2.800000000001842
symmetric_mm,Symmetric MM,35088,-0.18452305631554886,2.4115423367800743,0.0,-1.300000000000182,0.650000000000091,0.17504559963520291,61.36295528385773,0.0,243.75,187.0,0.00736140204628363,1.0,0.985562193627451,-0.7135084644322891,-3.0
no_trade,No-trade,35088,0.0,0.0,0.0,0.0,0.0,0.0,0.0,0.0,0.0,0.0,0.0,0.0,1.0,0.0,0.0
